{
    "schemes": [
        "http",
        "https"
    ],
    "swagger": "2.0",
    "info": {
        "description": "API for managing School operations",
        "title": "Managment",
        "contact": {},
        "version": "1.0"
    },
    "host": "localhost:8000",
    "basePath": "/",
    "paths": {
        "/user/all": {
            "get": {
                "security": [
                    {
                        "ApiKeyAuth": []
                    }
                ],
                "produces": [
                    "application/json"
                ],
                "tags": [
                    "users"
                ],
                "summary": "Get all users",
                "parameters": [
                    {
                        "type": "integer",
                        "description": "Page number (default: 1)",
                        "name": "page",
                        "in": "query"
                    },
                    {
                        "type": "integer",
                        "description": "Number of results per page (default: 10)",
                        "name": "limit",
                        "in": "query"
                    }
                ],
                "responses": {
                    "200": {
                        "description": "OK",
                        "schema": {
                            "type": "array",
                            "items": {
                                "$ref": "#/definitions/model.User"
                            }
                        }
                    }
                }
            }
        },
        "/user/create": {
            "post": {
                "consumes": [
                    "application/json"
                ],
                "produces": [
                    "application/json"
                ],
                "tags": [
                    "users"
                ],
                "summary": "Create a user",
                "parameters": [
                    {
                        "description": "User object",
                        "name": "user",
                        "in": "body",
                        "required": true,
                        "schema": {
                            "$ref": "#/definitions/model.User"
                        }
                    }
                ],
                "responses": {
                    "201": {
                        "description": "Created",
                        "schema": {
                            "$ref": "#/definitions/model.User"
                        }
                    }
                }
            }
        },
        "/user/delete/{id}": {
            "delete": {
                "security": [
                    {
                        "ApiKeyAuth": []
                    }
                ],
                "tags": [
                    "users"
                ],
                "summary": "Delete a user",
                "parameters": [
                    {
                        "type": "string",
                        "description": "User ID",
                        "name": "id",
                        "in": "path",
                        "required": true
                    }
                ],
                "responses": {}
            }
        },
        "/user/filter": {
            "get": {
                "security": [
                    {
                        "ApiKeyAuth": []
                    }
                ],
                "produces": [
                    "application/json"
                ],
                "tags": [
                    "users"
                ],
                "summary": "Get all users based on given filters",
                "parameters": [
                    {
                        "type": "string",
                        "description": "email",
                        "name": "email",
                        "in": "query"
                    },
                    {
                        "type": "string",
                        "description": "id",
                        "name": "id",
                        "in": "query"
                    },
                    {
                        "type": "string",
                        "description": "password",
                        "name": "password",
                        "in": "query"
                    },
                    {
                        "type": "boolean",
                        "description": "active",
                        "name": "active",
                        "in": "query"
                    },
                    {
                        "type": "string",
                        "description": "created_by",
                        "name": "created_by",
                        "in": "query"
                    },
                    {
                        "type": "string",
                        "description": "updated_by",
                        "name": "updated_by",
                        "in": "query"
                    },
                    {
                        "type": "string",
                        "description": "first_name",
                        "name": "first_name",
                        "in": "query"
                    },
                    {
                        "type": "string",
                        "description": "middle_name",
                        "name": "middle_name",
                        "in": "query"
                    },
                    {
                        "type": "string",
                        "description": "last_name",
                        "name": "last_name",
                        "in": "query"
                    },
                    {
                        "type": "string",
                        "description": "lane",
                        "name": "lane",
                        "in": "query"
                    },
                    {
                        "type": "string",
                        "description": "village",
                        "name": "village",
                        "in": "query"
                    },
                    {
                        "type": "string",
                        "description": "city",
                        "name": "city",
                        "in": "query"
                    },
                    {
                        "type": "string",
                        "description": "district",
                        "name": "district",
                        "in": "query"
                    },
                    {
                        "type": "integer",
                        "description": "pincode",
                        "name": "pincode",
                        "in": "query"
                    },
                    {
                        "type": "string",
                        "description": "state",
                        "name": "state",
                        "in": "query"
                    },
                    {
                        "type": "string",
                        "description": "start date",
                        "name": "start_date",
                        "in": "query"
                    },
                    {
                        "type": "string",
                        "description": "end date",
                        "name": "end_date",
                        "in": "query"
                    },
                    {
                        "type": "integer",
                        "description": "Page number (default: 1)",
                        "name": "page",
                        "in": "query"
                    },
                    {
                        "type": "integer",
                        "description": "Number of results per page (default: 10)",
                        "name": "limit",
                        "in": "query"
                    }
                ],
                "responses": {
                    "200": {
                        "description": "OK",
                        "schema": {
                            "type": "array",
                            "items": {
                                "$ref": "#/definitions/model.User"
                            }
                        }
                    }
                }
            }
        },
        "/user/signin": {
            "post": {
                "security": [
                    {
                        "ApiKeyAuth": []
                    }
                ],
                "produces": [
                    "application/json"
                ],
                "tags": [
                    "users"
                ],
                "summary": "SighIn user",
                "parameters": [
                    {
                        "description": "User object",
                        "name": "user",
                        "in": "body",
                        "required": true,
                        "schema": {
                            "$ref": "#/definitions/model.UserSignIn"
                        }
                    }
                ],
                "responses": {
                    "200": {
                        "description": "Successful SignIn",
                        "schema": {
                            "type": "string"
                        }
                    },
                    "404": {
                        "description": "Not Found",
                        "schema": {
                            "$ref": "#/definitions/model.ErrorResponse"
                        }
                    }
                }
            }
        },
        "/user/signup": {
            "post": {
                "security": [
                    {
                        "ApiKeyAuth": []
                    }
                ],
                "consumes": [
                    "application/json"
                ],
                "produces": [
                    "application/json"
                ],
                "tags": [
                    "users"
                ],
                "summary": "SignUp a user",
                "parameters": [
                    {
                        "description": "User object",
                        "name": "user",
                        "in": "body",
                        "required": true,
                        "schema": {
                            "$ref": "#/definitions/model.User"
                        }
                    }
                ],
                "responses": {
                    "200": {
                        "description": "Successful SignUp",
                        "schema": {
                            "type": "string"
                        }
                    },
                    "400": {
                        "description": "Bad Request",
                        "schema": {
                            "$ref": "#/definitions/model.ErrorResponse"
                        }
                    }
                }
            }
        },
        "/user/update/{id}": {
            "put": {
                "security": [
                    {
                        "ApiKeyAuth": []
                    }
                ],
                "consumes": [
                    "application/json"
                ],
                "produces": [
                    "application/json"
                ],
                "tags": [
                    "users"
                ],
                "summary": "Update a user",
                "parameters": [
                    {
                        "type": "string",
                        "description": "User ID",
                        "name": "id",
                        "in": "path",
                        "required": true
                    },
                    {
                        "description": "User object",
                        "name": "user",
                        "in": "body",
                        "required": true,
                        "schema": {
                            "$ref": "#/definitions/model.User"
                        }
                    }
                ],
                "responses": {
                    "200": {
                        "description": "OK",
                        "schema": {
                            "$ref": "#/definitions/model.User"
                        }
                    }
                }
            }
        },
        "/user/{id}": {
            "get": {
                "security": [
                    {
                        "ApiKeyAuth": []
                    }
                ],
                "produces": [
                    "application/json"
                ],
                "tags": [
                    "users"
                ],
                "summary": "Get a user by ID",
                "parameters": [
                    {
                        "type": "string",
                        "description": "User ID",
                        "name": "id",
                        "in": "path",
                        "required": true
                    }
                ],
                "responses": {
                    "200": {
                        "description": "OK",
                        "schema": {
                            "$ref": "#/definitions/model.User"
                        }
                    }
                }
            }
        }
    },
    "definitions": {
        "model.ErrorResponse": {
            "type": "object",
            "properties": {
                "error": {
                    "type": "string"
                }
            }
        },
        "model.User": {
            "type": "object",
            "required": [
                "city",
                "created_by",
                "district",
                "email",
                "first_name",
                "last_name",
                "middle_name",
                "password",
                "pincode",
                "state"
            ],
            "properties": {
                "active": {
                    "type": "boolean",
                    "example": true
                },
                "city": {
                    "type": "string",
                    "example": "Metropolis"
                },
                "created_at": {
                    "type": "string"
                },
                "created_by": {
                    "type": "string",
                    "example": "vishal"
                },
                "deleted_at": {
                    "type": "string"
                },
                "deleted_by": {
                    "type": "string"
                },
                "district": {
                    "type": "string",
                    "example": "Central"
                },
                "email": {
                    "type": "string",
                    "example": "vishal"
                },
                "first_name": {
                    "type": "string",
                    "example": "John"
                },
                "id": {
                    "type": "string"
                },
                "lane": {
                    "type": "string",
                    "example": "1234 Elm St"
                },
                "last_name": {
                    "type": "string",
                    "example": "Smith"
                },
                "middle_name": {
                    "type": "string",
                    "example": "Doe"
                },
                "password": {
                    "type": "string",
                    "example": "password"
                },
                "pincode": {
                    "type": "integer",
                    "example": 123456
                },
                "state": {
                    "type": "string",
                    "example": "NY"
                },
                "type": {
                    "type": "string"
                },
                "updated_at": {
                    "type": "string"
                },
                "updated_by": {
                    "type": "string"
                },
                "village": {
                    "type": "string",
                    "example": "Springfield"
                }
            }
        },
        "model.UserSignIn": {
            "type": "object",
            "required": [
                "email",
                "password"
            ],
            "properties": {
                "email": {
                    "type": "string"
                },
                "password": {
                    "type": "string"
                }
            }
        }
    },
    "securityDefinitions": {
        "ApiKeyAuth": {
            "type": "apiKey",
            "name": "X-Token",
            "in": "header"
        }
    }
}